<addon id="repository.qazf" name="qazf" version="0.0.4" provider-name="qazf">
    <extension point="xbmc.addon.repository" name="qazf">
        <dir>
            <info compressed="false">https://raw.githubusercontent.com/qazf88/kodi_repo/main/addons/addons.xml</info>
            <checksum>https://raw.githubusercontent.com/qazf88/kodi_repo/main/addons/addons.xml.md5</checksum>
            <datadir zip="true">https://raw.githubusercontent.com/qazf88/kodi_repo/main/addons/</datadir>
        </dir>
    </extension>
    <extension point="xbmc.addon.metadata">
        <summary>...</summary>
        <description>...</description>
        <platform>all</platform>
        <assets>
            <icon>icon.png</icon>
            <fanart>fanart.jpg</fanart>
        </assets>
    </extension>
</addon>

