<?xml version="1.0" encoding="UTF-8"?>
<addon id="plugin.video.first"
version="0.0.1"
name="First Kodi Video Plugin"
provider-name="QAZF">
<requires>
  <import addon="xbmc.python" version="3.0.1"/>
</requires>
<extension point="xbmc.python.pluginsource" library="addon.py">
  <provides>video</provides>
</extension>
<extension point="xbmc.addon.metadata">
  <summary lang="en_GB">First Kodi Video Plugin</summary>
  <description lang="en_GB">An first video plugin for Kodi mediacenter.</description>
  <disclaimer lang="en_GB">Public domain movies are provided by publicdomainmovie.net.</disclaimer>
  <license>GPL-3.0-only	</license>
  <assets>
    <icon>resources/images/icon.png</icon>
    <fanart>resources/images/fanart.jpg</fanart>
    <screenshot>resources/images/screenshot_1.jpg</screenshot>
    <screenshot>resources/images/screenshot_2.jpg</screenshot>
  </assets>
  <news>Updated with latest artwork metadata</news>
</extension>
</addon>